name,original_price,discounted_price,PUM,url
Hcqs 200mg Tableta Recubierta,$ 173.750,$ 62.550,"Tableta a $5.791,67",https://www.drogueriascolsubsidio.com/hcqs-200mg-tableta-recubierta-8901079006103/p
Vagilac Lactobacilos + Prebioticos Capsula,$ 120.400,$ 96.300,"Capsula a $4.300,00",https://www.drogueriascolsubsidio.com/vagilac-lactobacilos--prebioticos-1350mg-capsula-7707350411052/p
Enterogermina Suspensión Oral,$ 84.200,$ 67.360,"Unidad a $8.420,00",https://www.drogueriascolsubsidio.com/enterogermina-suspension-oral-3582910009900/p
Engystol Tableta,$ 87.050,$ 78.345,"Tableta a $1.741,00",https://www.drogueriascolsubsidio.com/engystol-tableta-7707336720598/p
Serenos Lha Comprimido,$ 55.000,$ 49.500,"Comprimido a $55.000,00",https://www.drogueriascolsubsidio.com/serenos-lha-comprimido-7707214806680/p
Citrato De Magnesio Cápsulas Botanitas,$ 56.650,$ 42.487,"Capsula a $629,44",https://www.drogueriascolsubsidio.com/citrato-de-magnesio-capsulas-botanitas-7703286115101/p
Escitalopram 10 Mg Tableta Recubierta,$ 41.550,$ 33.240,"Tableta a $1.483,93",https://www.drogueriascolsubsidio.com/escitalopram-10-mg-tableta-recubierta-7702635566915/p
Omega 3 Fish Oil 1200 Mg Softgels,$ 63.500,$ 53.975,"Capsula a $635,00",https://www.drogueriascolsubsidio.com/omega-3-fish-oil-1200-mg-softgels-751273765119/p
Metoject 15 Mg/0.3 Ml Solución Inyectable,$ 65.250,$ 52.200,"Unidad a $65.250,00",https://www.drogueriascolsubsidio.com/metoject-15-mg03-ml-solucion-inyectable-7707293750171/p
Condón Piel Sensitivo,$ 9.450,$ 7.560,"Unidad a $3.150,00",https://www.drogueriascolsubsidio.com/7703689031169profamiliapreservativosmedicamentoscondon-piel-sensitivocondoncondonespreservativopreservativospreserbativospreserbativopreserbatibospreserbatibo-7703689031169/p
Vagilac Lactobacilos + Prebioticos Capsula,$ 68.550,$ 54.800,"Capsula a $4.896,43",https://www.drogueriascolsubsidio.com/vagilac-lactobacilos--prebioticos-capsula-7707350411069/p
Bellanew 1.5 Mg/2 Mg Tableta Recubierta,$ 47.050,"Tableta a $1.680,36",,https://www.drogueriascolsubsidio.com/bellanew-15-mg2-mg-tableta-recubierta-7702870940549/p
Neurexan Tableta,$ 82.450,$ 74.205,"Tableta a $1.649,00",https://www.drogueriascolsubsidio.com/neurexan-tableta-7707336722028/p
Minoxidil 5% Forte Solución Tópica,$ 59.950,$ 41.965,"Mililitro a $999,17",https://www.drogueriascolsubsidio.com/minoxidil-5-forte-solucion-topica-7705959885793/p
Traumeel S Tableta,$ 97.350,$ 87.615,"Tableta a $1.947,00",https://www.drogueriascolsubsidio.com/traumeel-s-tableta-7707336721731/p
Ashwagandha Cápsula Dura Pangea Natural Products,$ 62.950,$ 50.360,"Capsula a $1.049,17",https://www.drogueriascolsubsidio.com/ashwagandha-capsulas-duras-pnp-7709609790598/p
Neo Íntimo 2% Crema Vaginal,$ 22.000,$ 15.400,"Gramo a $1.100,00",https://www.drogueriascolsubsidio.com/neo-intimo-2-crema-vaginal-7706142343991/p
Xray Dol Analgésico 12 Tabletas,$ 23.350,$ 18.650,"Tableta a $1.945,83",https://www.drogueriascolsubsidio.com/xray-dol-analgesico-12-tabletas-650240028199/p
DK-MULSION SOLUCIÓN ORAL,$ 95.900,$ 86.310,"Mililitro a $3.196,67",https://www.drogueriascolsubsidio.com/dk-mulsion-solucion-oral-7708970476599/p
Tamsulon Duo 0.5 Mg/0.4 Mg Cápsula Dura,$ 77.650,$ 54.355,"Capsula a $2.588,33",https://www.drogueriascolsubsidio.com/tamsulon-duo-05-mg04-mg-capsula-dura-7730979097758/p
Nikzon Capsulas Duras,$ 70.150,$ 52.612,"Capsula a $5.010,71",https://www.drogueriascolsubsidio.com/nikzon-capsulas-duras-650240073182/p
Abrilar Jarabe,$ 72.150,$ 57.720,"Mililitro a $360,75",https://www.drogueriascolsubsidio.com/abrilar-jarabe-4104480706172/p
Condón Piel Sabores,$ 9.450,$ 7.560,"Unidad a $3.150,00",https://www.drogueriascolsubsidio.com/condon-piel-sabores-7703689031176/p
Atorvastatina 40mg Tableta Recubierta Novartis,$ 58.400,$ 46.720,"Tableta a $1.946,67",https://www.drogueriascolsubsidio.com/atorvastatina-40mg-tableta-recubierta-novartis-7702635683605/p
Mounjaro 5Mg/0.5Ml Solucion Inyectable,$ 326.050,$ 293.445,"Mililitro a $652.100,00",https://www.drogueriascolsubsidio.com/mounjaro-5mg05ml-solucion-inyectable-7703991306382/p
Sperti Preparation H Unguento,$ 115.850,"Gramo a $5.792,50",,https://www.drogueriascolsubsidio.com/sperti-preparation-h-unguento-7707355058948/p
Mounjaro 2.5Mg/0.5Ml Solucion Inyectable,$ 245.500,$ 220.950,"Unidad a $245.500,00",https://www.drogueriascolsubsidio.com/mounjaro-25mg05ml-solucion-inyectable-7703991918295/p
Genfardol Ultraforte Tableta,$ 15.700,$ 12.560,"Tableta a $1.570,00",https://www.drogueriascolsubsidio.com/genfardol-ultraforte-tableta-7702605111404/p
Valaciclovir 1g Tableta Recubierta Genfar,$ 81.133,$ 64.906,"Tableta a $11.590,48",https://www.drogueriascolsubsidio.com/valaciclovir-1g-tableta-recubierta-genfar-7702605109173/p
Curitas Reductor De Cicatrices Ref: 02728 Beiersdorf S.A,$ 150.700,$ 120.560,"Unidad a $7.176,19",https://www.drogueriascolsubsidio.com/curitas-reductor-de-cicatrices-ref-02728-beiersdorf-sa-4006000058894/p
Oticaina 20 mg / ml Solución Otica,$ 24.050,$ 20.442,"Capsula a $481,00",https://www.drogueriascolsubsidio.com/oticaina-20-mg--ml-solucion-otica-7702195004681/p
Super Magnesium 400 Mg Cápsula Blanda,$ 76.800,$ 65.280,"Capsula a $768,00",https://www.drogueriascolsubsidio.com/super-magnesium-400-mg-capsula-blanda-751273783052/p
Acetaminofen Kids 2+ Jarabe,$ 11.300,$ 9.605,"Mililitro a $125,56",https://www.drogueriascolsubsidio.com/acetaminofen-kids-2-jarabe-7705959885465/p
Cyclofemina 25mg/5mg Solución Inyectable,$ 24.300,$ 21.141,"Unidad a $24.300,00",https://www.drogueriascolsubsidio.com/cyclofemina-25mg5mg-solucion-inyectable-7707271451410/p
Daflon 1000 Mg/10 Ml Suspensión Oral,$ 312.600,$ 187.560,"Unidad a $10.420,00",https://www.drogueriascolsubsidio.com/daflon-1000-mg10-ml-suspension-oral-7709767780325/p
Allegra Pediatrico Suspensión Oral,$ 72.650,$ 65.385,"Mililitro a $484,33",https://www.drogueriascolsubsidio.com/7795312100090sanofi-aventisformuladosmedicamentosallegra-pediatrico-suspension-oralfexofenadina-clorhidrato-7795312100090/p
Laxium 5 Mg Tableta,$ 6.900,$ 5.865,"Tableta a $690,00",https://www.drogueriascolsubsidio.com/laxium-5-mg-tableta-7707177971579/p
Colicort Cápsula,$ 14.900,$ 12.665,"Capsula a $1.241,67",https://www.drogueriascolsubsidio.com/colicort-capsula-7707232091860/p
Colágeno Hidrolizado + Biotina Cápsula Dura Botanitas,$ 35.450,$ 26.587,"Capsula a $590,83",https://www.drogueriascolsubsidio.com/colageno-hidrolizado--biotina-capsula-dura-botanitas-7703286118508/p
Ileine 150mg/Ml Suspensión Inyectable,$ 21.500,"Mililitro a $21.500,00",,https://www.drogueriascolsubsidio.com/ileine-150mgml-suspension-inyectable-7703689240998/p
Umquan Gotas Orales,$ 106.900,$ 85.520,"Mililitro a $2.138,00",https://www.drogueriascolsubsidio.com/umquan-gotas-orales-7460536560493/p
Lantus 100 U/Ml Solución Inyectable,$ 42.800,"Unidad a $42.800,00",,https://www.drogueriascolsubsidio.com/lantus-100-uml-solucion-inyectable-3582910023623/p
Vick Vaporub Ungüento,$ 37.850,$ 30.280,"Gramo a $378,50",https://www.drogueriascolsubsidio.com/vick-vaporub-ungento-7500435181068/p
Dolex Avanzado 500 Mg Tableta Recubierta,$ 9.330,"Tableta a $933,00",,https://www.drogueriascolsubsidio.com/dolex-avanzado-500-mg-tableta-recubierta-7707397791490/p
Melatonina 3 Mg Cápsula Blanda,$ 47.000,$ 39.950,"Capsula a $391,67",https://www.drogueriascolsubsidio.com/melatonina-3-mg-capsula-blanda-751273778140/p
Mieltertos Mentol Tableta Masticable,$ 2.350,$ 1.997,"Unidad a $2.350,00",https://www.drogueriascolsubsidio.com/mieltertos-mentol-tableta-masticable-7707232095752/p
ENTERO-BALANCE POLVO,$ 96.700,$ 87.030,"Unidad a $9.670,00",https://www.drogueriascolsubsidio.com/entero-balance-polvo-7707336723650/p
Electrolit Solución Oral Maracuya,$ 8.650,"Mililitro a $13,84",,https://www.drogueriascolsubsidio.com/electrolit-solucion-oral-maracuya-7501125184864/p
Apidra Solostar 100 Ui/Ml Solución Inyectable,$ 27.600,"Unidad a $27.600,00",,https://www.drogueriascolsubsidio.com/apidra-solostar-100-uiml-solucion-inyectable-3582910023630/p
Prueba De Embarazo Clearblue Plus,$ 22.350,"Unidad a $22.350,00",,https://www.drogueriascolsubsidio.com/prueba-de-embarazo-clearblue-plus-7500435120067/p
Lindezip 5mg Tableta Recubierta,$ 60.900,$ 48.720,"Tableta a $2.030,00",https://www.drogueriascolsubsidio.com/lindezip-5mg-tableta-recubierta-8903726231869/p
Micropore Cinta Quirurgica Piel Con Dispensador 12mm x 5m,$ 10.500,$ 8.400,"Unidad a $10.500,00",https://www.drogueriascolsubsidio.com/micropore-cinta-quirurgica-piel-con-dispensador-12mm-x-5m-7702098400184/p
Dienomet 2 mg Tableta,$ 109.350,"Tableta a $3.905,36",,https://www.drogueriascolsubsidio.com/dienomet-2-mg-tableta-7702870071205/p
Neurobion Solución Inyectable,$ 50.550,"Unidad a $8.425,00",,https://www.drogueriascolsubsidio.com/neurobion-solucion-inyectable-7501298217536/p
Kli.Heel Tableta,$ 88.700,$ 79.830,"Tableta a $1.774,00",https://www.drogueriascolsubsidio.com/7707336720987kliheel-tabletamedicamentoshomeopaticosquideca-7707336720987/p
Vitamina D3 2000 Ui Tabletas Botanitas,$ 23.900,$ 17.925,"Tableta a $265,56",https://www.drogueriascolsubsidio.com/vitamina-d3-2000-ui-tabletas-botanitas-7703286119857/p
Vivera,$ 88.950,$ 71.160,"Unidad a $11.118,75",https://www.drogueriascolsubsidio.com/vivera-4054839015915/p
Pedialyte Max 60 Con Zinc Uva Solución Oral,$ 10.250,"Mililitro a $20,50",,https://www.drogueriascolsubsidio.com/pedialyte-max-60-con-zinc-uva-solucion-oral-7501033957376/p
Rozelaic 15% Gel,$ 101.550,"Gramo a $3.385,00",,https://www.drogueriascolsubsidio.com/rozelaic-15-gel-7703281000853/p
Epilfarmo 30mg Tableta Recubierta Con Película,$ 14.400,"Tableta a $480,00",,https://www.drogueriascolsubsidio.com/epilfarmo-30mg-tableta-recubierta-con-pelicula-5600860331075/p
Anemidox Cápsula,$ 120.400,"Capsula a $4.013,33",,https://www.drogueriascolsubsidio.com/anemidox-capsula-7500435248730/p
Nikzon Capsulas Duras,$ 121.300,$ 90.975,"Capsula a $4.332,14",https://www.drogueriascolsubsidio.com/nikzon-capsulas-duras-650240073199/p
Abrilar Ea 575 Jarabe,$ 44.350,$ 35.480,"Mililitro a $443,50",https://www.drogueriascolsubsidio.com/abrilar-ea-575-jarabe-4104480705151/p
Novalgina 500 mg Tableta,$ 21.760,"Tableta a $2.176,00",,https://www.drogueriascolsubsidio.com/novalgina-500-mg-tableta-7501165010444/p
Alcohol Antiséptico Jgb Solución Tópica,$ 9.500,$ 7.600,"Mililitro a $13,57",https://www.drogueriascolsubsidio.com/alcohol-antiseptico-jgb-solucion-topica-7702560009525/p
Eliquis 2.5 mg Tableta Recubierta,$ 326.300,$ 261.040,"Tableta a $5.438,33",https://www.drogueriascolsubsidio.com/eliquis-25-mg-tableta-recubierta-7703283370763/p
Gestageno 200 Mg Cápsula,$ 185.500,"Capsula a $6.183,33",,https://www.drogueriascolsubsidio.com/gestageno-200-mg-capsula-8437009433546/p
Neurobion Dc 10.000 Solución Inyectable,$ 122.350,"Unidad a $40.783,33",,https://www.drogueriascolsubsidio.com/neurobion-dc-10000-solucion-inyectable-7501298220185/p
Fitostimoline Limpiador Con Bardana,$ 50.800,"Gragea a $203,20",,https://www.drogueriascolsubsidio.com/fitostimoline-limpiador-con-bardana-7704232001974/p
Solución Salina 0.9 %,$ 4.600,"Mililitro a $18,40",,https://www.drogueriascolsubsidio.com/solucion-salina-09--7707141349298/p
Mirtazapina 30 Mg Tableta Recubierta Humax,$ 26.000,"Tableta a $2.600,00",,https://www.drogueriascolsubsidio.com/mirtazapina-30-mg-tableta-recubierta-humax-7707288824122/p
Rosuvax E 10 Mg/20 Mg Tableta Cubierta,$ 328.050,$ 164.025,"Tableta a $10.935,00",https://www.drogueriascolsubsidio.com/rosuvax-e-10-mg20-mg-tableta-cubierta-7707182841324/p
Krytantek Ofteno Solución Oftálmica,$ 195.250,$ 117.150,"Tableta a $9.762,50",https://www.drogueriascolsubsidio.com/krytantek-ofteno-solucion-oftalmica-736085406504/p
Stalevo 100mg / 25mg / 200mg Tableta Recubierta Con Pelicula,$ 82.800,$ 62.100,"Tableta a $2.760,00",https://www.drogueriascolsubsidio.com/stalevo-100mg--25mg--200mg-tableta-recubierta-con-pelicula-7702635707622/p
Etoricoxib 120 Mg Tableta Recubierta Genfar,$ 45.800,$ 36.640,"Tableta a $6.542,86",https://www.drogueriascolsubsidio.com/etoricoxib-120-mg-tableta-recubierta-genfar-7702605109371/p
Agua Oxigenada 4% Solución Tópica,$ 5.900,$ 4.720,"Mililitro a $49,17",https://www.drogueriascolsubsidio.com/agua-oxigenada-4-solucion-topica-7702560000010/p
Ozempic 1.34mg/Ml(0.25/0.5mg/D)Solución Inyectable,$ 335.000,"Mililitro a $223.333,33",,https://www.drogueriascolsubsidio.com/ozempic-134mgml02505mgdsolucion-inyectable-7709438991098/p
Efexor Xr 75 Mg Cápsula De Liberación Prolongada,$ 31.600,"Capsula a $1.053,33",,https://www.drogueriascolsubsidio.com/efexor-xr-75-mg-capsula-de-liberacion-prolongada-7703283403478/p
Jarit 200 Mg Cápsula Blanda,$ 249.700,"Capsula a $8.323,33",,https://www.drogueriascolsubsidio.com/jarit-200-mg-capsula-blanda-7703153035310/p
Krytantek Pf Ofteno Solución Oftálmica,$ 208.900,$ 125.340,"Mililitro a $41.780,00",https://www.drogueriascolsubsidio.com/krytantek-pf-ofteno-solucion-oftalmica-736085412826/p
Omega 3 + Vitamina E Botanitas Capsula Blanda,$ 63.850,$ 47.887,"Capsula a $638,50",https://www.drogueriascolsubsidio.com/omega-3--vitamina-e-botanitas-capsula-blanda-7703286109506/p
Prueba Embarazo Comerlife Tiras,$ 6.650,"Unidad a $6.650,00",,https://www.drogueriascolsubsidio.com/prueba-embarazo-comerlife-tiras-7702277820734/p
Anime 100mg Tableta Recubierta,$ 21.900,"Tableta a $5.475,00",,https://www.drogueriascolsubsidio.com/anime-100mg-tableta-recubierta-7704039118141/p
OSCILLOCOCCINUM 1G GLOBULOS,$ 98.050,$ 78.440,"Unidad a $3.268,33",https://www.drogueriascolsubsidio.com/oscillococcinum-1g-globulos-7702870383575/p
Solhidrex Polvo Para Solución Oral Cereza,$ 2.550,$ 2.295,"Gramo a $89,79",https://www.drogueriascolsubsidio.com/solhidrex-polvo-para-solucion-oral-cereza-7707177978639/p
SERTRALINA 50MG TABLETA RECUBIERTA GENFAR,$ 110.600,$ 88.480,"Tableta a $3.686,67",https://www.drogueriascolsubsidio.com/sertralina-50mg-tableta-recubierta-genfar-7702605111367/p
Vagicort Crema Vaginal,$ 89.850,"Gramo a $4.492,50",,https://www.drogueriascolsubsidio.com/vagicort-crema-vaginal-7702870004920/p
Torrox 90 mg Tableta Recubierta,$ 36.400,$ 32.760,"Tableta a $3.640,00",https://www.drogueriascolsubsidio.com/torrox-90-mg-tableta-recubierta-8903726232798/p
Torrox 60 mg Tableta Recubierta,$ 33.650,$ 30.285,"Tableta a $3.365,00",https://www.drogueriascolsubsidio.com/torrox-60mg-tableta-recubierta-8903726232774/p
Exelmyo Sobres,$ 129.400,"Unidad a $4.313,33",,https://www.drogueriascolsubsidio.com/exelmyo-sobres-8436043011499/p
Deflagyn Gel Vaginal Con Set De Aplicación Gel Vaginal,$ 272.350,"Mililitro a $1.815,67",,https://www.drogueriascolsubsidio.com/deflagyn-gel-vaginal-con-set-de-aplicacion--gel-vaginal-8593085038249/p
Goutex 80 Mg Cápsula Blanda,$ 141.050,"Tableta a $4.701,67",,https://www.drogueriascolsubsidio.com/goutex-80-mg-capsula-blanda-7703153027841/p
Brimodor Solución Oftálmica,$ 89.800,"Mililitro a $17.960,00",,https://www.drogueriascolsubsidio.com/brimodor-solucion-oftalmica-7703153036256/p
Hormeel Snt Gotas,$ 118.050,$ 106.245,"Mililitro a $3.935,00",https://www.drogueriascolsubsidio.com/hormeel-snt-gotas-7707336720918/p
Tamsulosina Clorhidrato 0.4mg Cápsula De Liberación Prolongada Nvr,$ 48.000,$ 38.400,"Tableta a $1.600,00",https://www.drogueriascolsubsidio.com/tamsulosina-clorhidrato-04mg-capsula-de-liberacion-prolongada-nvr-7702635540724/p
Feveny 0.625 Mg Tableta Recubierta,$ 31.550,"Tableta a $1.126,79",,https://www.drogueriascolsubsidio.com/feveny-0625-mg-tableta-recubierta-7707274721619/p
Multiflora Plus Cápsula,$ 177.250,$ 141.800,"Capsula a $5.908,33",https://www.drogueriascolsubsidio.com/multiflora-plus-capsula-5027314503701/p
Forxiga 10 Mg Comprimidos Recubiertos,$ 145.650,"Comprimido a $5.201,79",,https://www.drogueriascolsubsidio.com/forxiga-10-mg-comprimidos-recubiertos-8027950200306/p
Voltaren Emulgel Forte Alivio Del Dolor Articular 100gr,$ 108.700,"Gramo a $1.087,00",,https://www.drogueriascolsubsidio.com/voltaren-emulgel-forte-alivio-del-dolor-articular-100gr-7441145402374/p
Synthroid 50 Mcg Tableta,$ 101.450,"Tableta a $1.127,22",,https://www.drogueriascolsubsidio.com/synthroid-50-mcg-tableta-7702870924273/p
Gaviscon Doble Acción Sachet Sabor Menta,$ 39.650,"Unidad a $3.304,17",,https://www.drogueriascolsubsidio.com/gaviscon-doble-accion-sachet-sabor-menta-7702626211770/p
Dexilant 30mg Cápsula De Liberación Retardada,$ 251.050,$ 175.735,"Capsula a $8.966,07",https://www.drogueriascolsubsidio.com/dexilant-30mg-capsula-de-liberacion-retardada-7730766001364/p
Diclofenaco Retard 100 Mg Cápsula La Francol,$ 15.700,"Capsula a $785,00",,https://www.drogueriascolsubsidio.com/diclofenaco-retard-100-mg-capsula-la-francol-7706569000958/p
Rosuvax E 10 Mg/10 Mg Tableta Cubierta,$ 288.100,$ 144.050,"Tableta a $9.603,33",https://www.drogueriascolsubsidio.com/rosuvax-e-10-mg10-mg-tableta-cubierta-7707182841317/p
Gotas De Valeriana + Pasiflora Solución Oral Medick,$ 16.200,$ 12.150,"Mililitro a $270,00",https://www.drogueriascolsubsidio.com/gotas-de-valeriana--pasiflora-solucion-oral-medick-7703286111752/p
Myoessens Nutrabio Capsula Dura a Base De Magnesio y Potasio,$ 78.350,$ 70.515,"Capsula a $1.305,83",https://www.drogueriascolsubsidio.com/myoessens-nutrabio-capsula-dura-a-base-de-magnesio-y-potasio-7709099257298/p
Ovestin 0.5 Mg Óvulo,$ 54.400,"OVULO a $3.626,67",,https://www.drogueriascolsubsidio.com/ovestin-05-mg-ovulo-6091403215928/p
Carbamazepina 200 Mg Tableta Laproff,$ 21.600,"Tableta a $720,00",,https://www.drogueriascolsubsidio.com/carbamazepina-200-mg-tableta-laproff-7703038061168/p
DIGESTA SIMETICONA 250MG CAPSULA BLANDA,$ 32.000,$ 25.600,"Capsula a $1.600,00",https://www.drogueriascolsubsidio.com/digesta-simeticona-250mg-capsula-blanda-7703153007225/p
Ibuprofeno /Metocarbamol 200Mg/500Mg Tabletas recubiertas Genfar S.A,$ 12.867,"Unidad a $1.286,67",,https://www.drogueriascolsubsidio.com/ibuprofeno-200-mg--metocarbamol-500-mg-tableta-recubierta-genfar-7702605102716/p
Isoface 20 mg Cápsula Blanda,$ 203.200,"Capsula a $6.773,33",,https://www.drogueriascolsubsidio.com/isoface-20-mg-capsula-blanda-7703153016234/p
Avamys 27.5 mcg Spray Nasal,$ 32.450,"Unidad a $32.450,00",,https://www.drogueriascolsubsidio.com/avamys-275-mcg-spray-nasal-7703363006926/p
Coveratrix 10/2.5/10mg Tableta Recubierta Con Pelicula,$ 282.050,$ 169.230,"Tableta a $9.401,67",https://www.drogueriascolsubsidio.com/coveratrix-102510mg-tableta-recubierta-con-pelicula-5391189340588/p
Pedialyte Max 60 Con Zinc Manzana Solución Oral,$ 10.250,"Mililitro a $20,50",,https://www.drogueriascolsubsidio.com/pedialyte-max-60-con-zinc-manzana-solucion-oral-7501033957369/p
Silotrif 8 Mg Cápsula Dura,$ 172.400,"Capsula a $5.746,67",,https://www.drogueriascolsubsidio.com/silotrif-8-mg-capsula-dura-8904159614366/p
Propafen 150 Mg Tableta Recubierta,$ 63.850,"Tableta a $2.128,33",,https://www.drogueriascolsubsidio.com/propafen-150-mg-tableta-recubierta-7707182840853/p
Dolex Activgel 500mg Cápsula De Gelatina Blanda,$ 39.450,"Capsula a $1.643,75",,https://www.drogueriascolsubsidio.com/dolex-activgel-500mg-capsula-de-gelatina-blanda-7703363006100/p
Ciclorelax 10mg Comprimidos Recubiertos,$ 109.550,"Tableta a $5.477,50",,https://www.drogueriascolsubsidio.com/ciclorelax-10mg-comprimidos-recubiertos-7730969304019/p
Dorixina Relax 125 Mg/5 Mg Comprimido Recubierto,$ 72.400,$ 57.920,"Comprimido a $3.620,00",https://www.drogueriascolsubsidio.com/dorixina-relax-125-mg5-mg-comprimido-recubierto-7730698334370/p
Epacor 465 mg / 375 mg Cápsula Blanda Con Cubierta Enterica,$ 121.200,"Capsula a $4.040,00",,https://www.drogueriascolsubsidio.com/epacor-465-mg--375-mg-capsula-blanda-con-cubierta-enterica-7703153025335/p
Flextril C Msm Polvo Para Solución Oral,$ 189.400,"Unidad a $12.626,67",,https://www.drogueriascolsubsidio.com/flextril-c-msm-polvo-para-solucion-oral-7703546040013/p
Condon Lubricado Piel retardante Asociacion Probienestar De La Familia,$ 9.450,$ 7.560,"Unidad a $3.150,00",https://www.drogueriascolsubsidio.com/condon-lubricado-piel-retardante-asociacion-probienestar-de-la-familia-7703689627614/p
Saxenda 6 Mg/Ml Solución Inyectable,$ 171.700,"Mililitro a $57.233,33",,https://www.drogueriascolsubsidio.com/saxenda-6-mgml-solucion-inyectable-7709990267921/p
Slinda 4mg Tnr Exe,$ 48.000,"Tableta a $1.714,29",,https://www.drogueriascolsubsidio.com/slinda-4mg-tnr-exe-8437019299583/p
B-Complex With B12 Tableta,$ 61.500,$ 46.125,"Tableta a $683,33",https://www.drogueriascolsubsidio.com/b-complex-with-b12-tableta-74312401909/p
Cardiomax Plus 10 mg / 20 mg Tableta Recubierta,$ 333.850,$ 250.387,"Tableta a $11.923,21",https://www.drogueriascolsubsidio.com/cardiomax-plus-10-mg--20-mg-tableta-recubierta-7702870070062/p
Electrolit Solución Oral Fresa-Kiwi,$ 8.650,"Mililitro a $13,84",,https://www.drogueriascolsubsidio.com/electrolit-solucion-oral-fresa-kiwi-7501125176531/p
Zintergia 100 Mg Cápsula Dura,$ 179.450,"Capsula a $8.972,50",,https://www.drogueriascolsubsidio.com/zintergia-100-mg-capsula-dura-7703546055208/p
Prueba De Embarazo Simple Reveal,$ 7.150,"Unidad a $7.150,00",,https://www.drogueriascolsubsidio.com/prueba-de-embarazo-simple-reveal-7707228411948/p
Coveratrix Comprimido Recubierto,$ 282.050,$ 169.230,"Tableta a $9.401,67",https://www.drogueriascolsubsidio.com/coveratrix-comprimido-recubierto-5391189330596/p
Desfatigan 50Mg Tabletas Recubiertas,$ 109.100,$ 76.370,"Tableta a $3.636,67",https://www.drogueriascolsubsidio.com/desfatigan-50mg-tabletas-recubiertas-5600860332102/p
Kelo-Cote Gel Cicatrices,$ 186.600,"Gramo a $12.440,00",,https://www.drogueriascolsubsidio.com/kelo-cote-gel-cicatrices-5036631003627/p
Metamucil Polvo Para Suspensión Oral Naranja,$ 86.300,$ 64.725,"Gramo a $495,98",https://www.drogueriascolsubsidio.com/metamucil-polvo-para-suspension-oral-naranja-7506339350906/p
Dolex Forte Nf 500mg/65mg Tableta Recubierta,$ 20.000,"Tableta a $2.000,00",,https://www.drogueriascolsubsidio.com/dolex-forte-nf-500mg65mg-tableta-recubierta-7707397791629/p
Iltuxam 40mg/5mg Tableta Recubierta,$ 238.350,$ 166.845,"Comprimido a $8.512,50",https://www.drogueriascolsubsidio.com/iltuxam-40mg5mg-tableta-recubierta-7841141003450/p
Utrogestan 200 Mg Cápsula Blanda,$ 112.450,"Capsula a $7.496,67",,https://www.drogueriascolsubsidio.com/utrogestan-200-mg-capsula-blanda-34839966/p
Apronax 550mg Tableta Recubierta,$ 15.330,"Tableta a $3.832,50",,https://www.drogueriascolsubsidio.com/apronax-550mg-tableta-recubierta-7702123005520/p
Vick Vaporub Unguento Tópico,$ 23.150,$ 18.520,"Gramo a $463,00",https://www.drogueriascolsubsidio.com/vick-vaporub-unguento-topico-7500435107013/p
Doloff 7.5 mg / 325 mg Tableta Recubierta,$ 123.850,"Tableta a $4.128,33",,https://www.drogueriascolsubsidio.com/doloff-75-mg325-mg-tableta-recubierta-7704039127952/p
Eliquis 2.5 mg Tableta Recubierta,$ 112.800,$ 90.240,"Tableta a $5.640,00",https://www.drogueriascolsubsidio.com/eliquis-25-mg-tableta-recubierta-7703283370787/p
Sulzinc 2 mg Solución Oral,$ 22.900,$ 18.350,"Tableta a $1.145,00",https://www.drogueriascolsubsidio.com/sulzinc-2-mg-solucion-oral-7707288822326/p
Dropyal One 98MG/4.9ML Solucion inyectable,$ 768.850,"Unidad a $768.850,00",,https://www.drogueriascolsubsidio.com/dropyal-one-98mg49ml-solucion-inyectable-7730766002071/p
Ibuprofeno 800mg Tableta Recubierta Genfar,$ 4.310,$ 3.663,"Tableta a $431,00",https://www.drogueriascolsubsidio.com/ibuprofeno-800mg-tableta-recubierta-genfar-7702605101511/p
ZYLOPRIM 300MG TABLETA,$ 90.500,"Tableta a $1.508,33",,https://www.drogueriascolsubsidio.com/zyloprim-300mg-tableta-6091403221585/p
Psyllium Laxante Fibra Polvo,$ 36.850,$ 31.322,"Gramo a $184,25",https://www.drogueriascolsubsidio.com/psyllium-laxante-fibra-polvo-7707232096810/p
Gestageno 100 Mg Cápsula,$ 150.600,"Capsula a $5.020,00",,https://www.drogueriascolsubsidio.com/gestageno-100-mg-capsula-8437009433539/p
Lomecan Antimicotico 3 Óvulos,$ 58.300,"Unidad a $19.433,33",,https://www.drogueriascolsubsidio.com/lomecan-v-200-g-ovulo-vaginal-650240030840/p
Coxetor 120Mg Tabletas recubiertas,$ 47.250,$ 28.350,"Tableta a $6.750,00",https://www.drogueriascolsubsidio.com/coxetor-120mg-tabletas-recubiertas-5600860332362/p
Lyrica 20 mg / ml Solución Oral,$ 103.600,"Mililitro a $986,67",,https://www.drogueriascolsubsidio.com/lyrica-20-mg--ml-solucion-oral-7703283404581/p
Esomeprazol 40 Mg Tableta Recubierta Enterica Procaps,$ 69.300,"Tableta a $2.310,00",,https://www.drogueriascolsubsidio.com/esomeprazol-40-mg-tableta-recubierta-enterica-procaps-7703153043513/p
Zeel T 3 Mg / 0.54 Mg Tableta,$ 103.650,$ 93.285,"Tableta a $2.073,00",https://www.drogueriascolsubsidio.com/zeel-t-3-mg--054-mg-tableta-7707336722257/p
Esteine 3.5 mg Óvulo de Liberación Sostenida,$ 103.550,"OVULO a $17.258,33",,https://www.drogueriascolsubsidio.com/esteine-35-mg-ovulo-de-liberacion-sostenida-7702870004852/p
Cronoderm Fem Emulsión,$ 76.300,"Gramo a $1.526,00",,https://www.drogueriascolsubsidio.com/cronoderm-fem-emulsion-7707279930030/p
Metronidazol 500 Mg Óvulo Procaps,$ 14.600,"OVULO a $1.460,00",,https://www.drogueriascolsubsidio.com/metronidazol-500-mg-ovulo-procaps-7703153007102/p
Buscapina Fem 20 Mg/400 Mg Comprimido,$ 12.850,"Comprimido a $2.141,67",,https://www.drogueriascolsubsidio.com/7703202221275sanofi-aventisabdominal-y-colicomedicamentosbuscapina-fem-20-mg400-mg-comprimidoibuprofeno-hioscina-n-butilbromurocolicos-menstruales-colicos-mestruales-colico-menstrual-colico-mestrual-7703202221275/p
Enterogermina Plus Suspensión Oral,$ 88.000,"Mililitro a $17.600,00",,https://www.drogueriascolsubsidio.com/enterogermina-plus-suspension-oral-7702771001561/p
Prazentol 1mg/Ml Solución Oral,$ 173.850,$ 121.695,"Mililitro a $1.159,00",https://www.drogueriascolsubsidio.com/prazentol-1mgml-solucion-oral-5600860331860/p
SOLHIDREX 20.7G POLVO PARA SOLUCION ORAL UVA,$ 2.550,$ 2.295,"Gramo a $123,19",https://www.drogueriascolsubsidio.com/solhidrex-207g-polvo-para-solucion-oral-uva-7707177974846/p
Forz Sport Crema Antirozaduras,$ 35.400,$ 24.780,"Gramo a $590,00",https://www.drogueriascolsubsidio.com/forz-sport-crema-antirozaduras-7707210531043/p
Uroxacin 200 Mg Comprimido Recubierto,$ 88.400,"Comprimido a $12.628,57",,https://www.drogueriascolsubsidio.com/uroxacin-200-mg-comprimido-recubierto-7792219690426/p
Levomepromazina 4% Solución Oral Humax,$ 67.150,"Mililitro a $3.357,50",,https://www.drogueriascolsubsidio.com/levomepromazina-4-solucion-oral-humax-7707288821060/p
Vitamina D3 2000 Ui Cápsula Blanda Procaps,$ 27.550,"Capsula a $918,33",,https://www.drogueriascolsubsidio.com/vitamina-d3-2000-ui-capsula-blanda-procaps-7703153033712/p
Pedialyte Max 60 Con Zinc Solución Oral Fresa,$ 10.250,"Mililitro a $20,50",,https://www.drogueriascolsubsidio.com/pedialyte-max-60-con-zinc-solucion-oral-fresa-7501033961557/p
Clotrimazol 2% Crema Vaginal Procaps,$ 29.900,"Gramo a $1.495,00",,https://www.drogueriascolsubsidio.com/clotrimazol-2-crema-vaginal-procaps-7703153036188/p
Genotropin 36 Ui(12 mg ) Polvo para Reconstituir a Solución Inyectable,$ 479.900,"Unidad a $479.900,00",,https://www.drogueriascolsubsidio.com/genotropin-36-ui12mg-polvo-para-reconstituir-a-solucion-inyectable-7591257002891/p
Micofentin Crema Vaginal,$ 121.200,"Gramo a $6.060,00",,https://www.drogueriascolsubsidio.com/micofentin-crema-vaginal-7703546038201/p
Hidraplus 75 Meq Zinc Sabor Manzana,$ 9.900,"Mililitro a $24,75",,https://www.drogueriascolsubsidio.com/hidraplus-75-meq-zinc-sabor-manzana-7702057015428/p
Diclofenaco 1 % Gel La Sante,$ 20.750,"Gramo a $691,67",,https://www.drogueriascolsubsidio.com/diclofenaco-1--gel-la-sante-7703763993291/p
Prazentol 15 Mg Tableta,$ 111.150,$ 77.805,"Tableta a $3.969,64",https://www.drogueriascolsubsidio.com/prazentol-15-mg-tableta-5600860331242/p
Rhifisol Suero Fisiologico,$ 7.700,$ 6.930,"Mililitro a $256,67",https://www.drogueriascolsubsidio.com/rhifisol-suero-fisiologico-7707210530206/p
Nervoheel N Tableta,$ 90.950,$ 81.855,"Tableta a $1.819,00",https://www.drogueriascolsubsidio.com/nervoheel-n-tableta-7707336721243/p
Seroxat Cr 25 Mg Tableta De Liberación Prolongada,$ 115.400,"Tableta a $11.540,00",,https://www.drogueriascolsubsidio.com/seroxat-cr-25-mg-tableta-de-liberacion-prolongada-5050278002737/p
Sulzinc 20 Mg Tableta Recubierta,$ 43.200,$ 34.600,"Tableta a $1.440,00",https://www.drogueriascolsubsidio.com/sulzinc-20-mg-tableta-recubierta-7707288825211/p
Coveratrix Comprimido Recubierto,$ 246.800,$ 148.080,"Tableta a $8.226,67",https://www.drogueriascolsubsidio.com/coveratrix-comprimido-recubierto-5391189310604/p
Ursacol 300mg Tableta,$ 69.100,"Unidad a $3.455,00",,https://www.drogueriascolsubsidio.com/ursacol-300mg-tableta-7703445109057/p
Jardiance 10 Mg Tableta Recubierta,$ 116.250,"Tableta a $3.875,00",,https://www.drogueriascolsubsidio.com/jardiance-10-mg-tableta-recubierta-4048846010148/p
Eliquis 5 Mg Tableta Recubierta,$ 326.300,"Tableta a $5.438,33",,https://www.drogueriascolsubsidio.com/eliquis-5-mg-tableta-recubierta-7703283370770/p
Irbeprex A 150 Mg/5 Mg Tableta,$ 265.100,$ 132.550,"Tableta a $8.836,67",https://www.drogueriascolsubsidio.com/irbeprex-a-150-mg5-mg-tableta-7707182841492/p
Lumbal Forte 550 / 65 mg Tableta Recubierta Con Película,$ 19.050,"Tableta a $3.175,00",,https://www.drogueriascolsubsidio.com/lumbal-forte-55065mg-tableta-recubierta-con-pelicula-7702870492710/p
Albisec One Tableta Recubierta,$ 109.850,"Tableta a $18.308,33",,https://www.drogueriascolsubsidio.com/albisec-one-tableta-recubierta-7703153028695/p
Escilatrolam 20 Mg Tableta Recubierta,$ 48.800,$ 39.040,"Tableta a $1.742,86",https://www.drogueriascolsubsidio.com/escilatrolam-20-mg-tableta-recubierta-7702635566793/p
Dolofen Forte 500 Mg Tableta,$ 15.150,$ 12.120,"Tableta a $1.515,00",https://www.drogueriascolsubsidio.com/dolofen-forte-500-mg-tableta-7703153035341/p
Acetaminofen 500 Mg Tableta Genfar,$ 2.120,"Tableta a $212,00",,https://www.drogueriascolsubsidio.com/acetaminofen-500-mg-tableta-genfar-7702605100019/p
Neviot 100mg/Ml Solución Oral,$ 338.900,"Mililitro a $5.648,33",,https://www.drogueriascolsubsidio.com/neviot-100mgml-solucion-oral-7703153039127/p
Ozela Suave 3.0 / 0.020 mg Tableta Recubierta,$ 28.700,"Tableta a $1.025,00",,https://www.drogueriascolsubsidio.com/ozela-suave-30--0020-mg-tableta-recubierta-7703689609160/p
Espironolactona 100 Mg Tableta Recubierta Humax,$ 22.000,"Tableta a $1.100,00",,https://www.drogueriascolsubsidio.com/espironolactona-100-mg-tableta-recubierta-humax-7707288820254/p
Fisiomax Lubricante y Humectante Íntimo,$ 2.272,"Unidad a $2.271,67",,https://www.drogueriascolsubsidio.com/fisiomax-lubricante-y-humectante-intimo-7703445170088/p
Ilimit 15 Mg Comprimido,$ 209.800,$ 104.900,"Comprimido a $6.993,33",https://www.drogueriascolsubsidio.com/ilimit-15-mg-comprimido-7730969304743/p
Meloxicam 15 Mg Tableta Procaps,$ 11.550,"Tableta a $1.155,00",,https://www.drogueriascolsubsidio.com/meloxicam-15-mg-tableta-procaps-7703153017361/p
Naproxeno 250 Mg Tableta Recubierta La Francol,$ 7.050,"Capsula a $705,00",,https://www.drogueriascolsubsidio.com/naproxeno-250-mg-tableta-recubierta-la-francol-7706569001443/p
Ipran 10 Mg Tableta Recubierta,$ 282.900,"Tableta a $9.430,00",,https://www.drogueriascolsubsidio.com/ipran-10-mg-tableta-recubierta-7707189520659/p
Vitamin C With Rose Hips 1000 Mg Tableta,$ 107.900,$ 80.925,"Tableta a $1.079,00",https://www.drogueriascolsubsidio.com/vitamin-c-with-rose-hips-1000-mg-tableta-74312406904/p
Fixomull Transparent 10cm x 2m,$ 50.550,$ 40.440,"Metro a $25.275,00",https://www.drogueriascolsubsidio.com/fixomull-transparent-10cm-x-2m-4042809179408/p
Stalevo 150mg / 37.5mg / 200mg Tableta Recubierta Con Pelicula,$ 113.050,$ 84.787,"Tableta a $3.768,33",https://www.drogueriascolsubsidio.com/stalevo-150mg--375mg--200mg-tableta-recubierta-con-pelicula-7702635707615/p
Clotrimazol 1% Crema Vaginal Lafrancol,$ 25.000,"Gramo a $625,00",,https://www.drogueriascolsubsidio.com/fenilsone-1--crema-vaginal-la-francol-7706569001191/p
Tiocolfen 400 Mg/4 Mg Cápsula Dura,$ 95.550,"Capsula a $6.370,00",,https://www.drogueriascolsubsidio.com/tiocolfen-400-mg4-mg-capsula-dura-7702195376856/p
Mieltertos Noche Panela-Limon Granulado,$ 15.450,$ 13.132,"Unidad a $2.575,00",https://www.drogueriascolsubsidio.com/mieltertos-noche-panela-limon-granulado-7707232098043/p
Naproflash 250mg Capsula Dura Novamed,$ 8.400,"Capsula a $2.100,00",,https://www.drogueriascolsubsidio.com/naproflash-250mg-capsula-dura-novamed-7703546703109/p
Gynocanesten 500 Mg Óvulo,$ 66.800,"Unidad a $66.800,00",,https://www.drogueriascolsubsidio.com/gynocanesten-500-mg-ovulo-7702123008446/p
Condón Durex Extra Seguro,$ 12.900,"Unidad a $4.300,00",,https://www.drogueriascolsubsidio.com/condon-durex-extra-seguro-7501159033442/p
Artrodar 50 Mg Cápsula Dura,$ 167.650,"Capsula a $2.794,17",,https://www.drogueriascolsubsidio.com/artrodar-50-mg-capsula-dura-7703546410908/p
Bellanew 1.5 Mg/2 Mg Tableta Recubierta,$ 47.050,"Tableta a $1.680,36",,https://www.drogueriascolsubsidio.com/bellanew-15-mg2-mg-tableta-recubierta-7702870940549/p
Encefabol 200 mg Gragea,$ 155.400,"Tableta a $5.180,00",,https://www.drogueriascolsubsidio.com/encefabol-200-mg-gragea-7702418003613/p
Spascupreel Tableta,$ 80.900,$ 72.810,"Tableta a $1.618,00",https://www.drogueriascolsubsidio.com/spascupreel-tableta-7707336721588/p
Kelo-Cote Gel Cicatrices Uv Spf30,$ 186.600,"Gramo a $12.440,00",,https://www.drogueriascolsubsidio.com/kelo-cote-gel-cicatrices-uv-spf30-5036631003603/p
Adorlan 25 Mg/25 Mg Tableta,$ 99.600,"Tableta a $4.980,00",,https://www.drogueriascolsubsidio.com/adorlan-25-mg25-mg-tableta-7861073963585/p
Rotavin 40mg Tableta Recubierta,$ 101.750,$ 61.050,"Tableta a $3.391,67",https://www.drogueriascolsubsidio.com/rotavin-40mg-tableta-recubierta-8903726242612/p
B-Complex With B 12 Tableta,$ 41.400,$ 35.190,"Capsula a $460,00",https://www.drogueriascolsubsidio.com/b-complex-with-b-12-tableta-751273763252/p
Forz 7 G Crema,$ 39.050,$ 35.145,"Gramo a $650,83",https://www.drogueriascolsubsidio.com/forz-7-g-crema-7707210530107/p
Stalevo Tableta Recubierta,$ 148.350,$ 111.262,"Unidad a $4.945,00",https://www.drogueriascolsubsidio.com/stalevo-tableta-recubierta-7702635710059/p
Clindamicina 300 Mg Cápsula DuraTecnoquímicas,$ 14.450,"Capsula a $3.612,50",,https://www.drogueriascolsubsidio.com/clindamicina-300-mg-capsula-duratecnoquimicas-7702057072001/p
Zolof 50mg Tableta Recubierta,$ 194.650,"Tableta a $6.488,33",,https://www.drogueriascolsubsidio.com/zolof-50mg-tableta-recubierta-7703283405953/p
Prueba De Embarazo Clearblue Digital,$ 41.750,"Unidad a $41.750,00",,https://www.drogueriascolsubsidio.com/prueba-de-embarazo-clearblue-digital-7500435120050/p
Sulzinc 2 Mg Solución Oral,$ 29.100,$ 23.300,"Tableta a $1.455,00",https://www.drogueriascolsubsidio.com/sulzinc-2-mg-solucion-oral-7707288822906/p
Bucoxol Tableta Masticable Sabor Miel-Limon,$ 18.100,$ 16.290,"Tableta a $1.810,00",https://www.drogueriascolsubsidio.com/bucoxol-tableta-masticable-sabor-miel-limon-7703763996933/p
Eclamp 150mg Tableta Recubierta,$ 78.600,"Tableta a $2.620,00",,https://www.drogueriascolsubsidio.com/eclamp-150mg-tableta-recubierta-7703153036973/p
Neo-Zentius 10 mg Tableta Recubierta Con Película,$ 158.750,$ 95.250,"Tableta a $5.291,67",https://www.drogueriascolsubsidio.com/neo-zentius-10mg-tableta-recubierta-con-pelicula-7730969303401/p
Farma D 5000 Ui Cápsula Blanda,$ 80.150,"Capsula a $2.671,67",,https://www.drogueriascolsubsidio.com/farma-d-5000-ui-capsula-blanda-7703454124027/p
Galvus Met 50mg/1000mg Comprimido Recubierto,$ 56.300,"Tableta a $2.010,71",,https://www.drogueriascolsubsidio.com/galvus-met-50mg1000mg-comprimido-recubierto-7612797656495/p
Omeprazol 20mg Cápsula De Liberación Retardada,$ 9.500,"Capsula a $316,67",,https://www.drogueriascolsubsidio.com/omeprazol-20mg-capsula-de-liberacion-retardada-7703763295241/p
Rosuvina E 10mg /40mg Tableta Recubierta,$ 181.100,"Tableta a $6.036,67",,https://www.drogueriascolsubsidio.com/rosuvina-e-10mg-40mg-tableta-recubierta-7704039417169/p
Smecta 3 G Polvo Para Suspensión Oral,$ 7.875,"Unidad a $7.875,00",,https://www.drogueriascolsubsidio.com/smecta-3-g-polvo-para-suspension-oral-7702207188620/p
Levofloxacina 500 Mg Tableta Con Pelicula Sandoz,$ 36.200,$ 27.150,"Tableta a $5.171,43",https://www.drogueriascolsubsidio.com/levofloxacina-500-mg-tableta-con-pelicula-sandoz-3838957023936/p
Condón Piel Excitante,$ 9.450,$ 7.560,"Unidad a $3.150,00",https://www.drogueriascolsubsidio.com/condon-piel-excitante-7703689031190/p
Algodón Zig-Zag,$ 5.250,$ 3.675,"Gramo a $105,00",https://www.drogueriascolsubsidio.com/algodon-zig-zag-7702560000379/p
Roxicaina Solución Tópica Atomizador,$ 77.250,"Gramo a $965,63",,https://www.drogueriascolsubsidio.com/roxicaina-solucion-topica-atomizador-7704588000409/p
Sirdalud 4 mg Comprimido,$ 62.950,$ 50.360,"Comprimido a $6.295,00",https://www.drogueriascolsubsidio.com/sirdalud-4-mg-comprimido-7861225100059/p
Segregam 40 Mg Comprimido Con Cubierta Enterica,$ 253.000,$ 177.100,"Tableta a $9.035,71",https://www.drogueriascolsubsidio.com/segregam-40-mg-comprimido-con-cubierta-enterica-7707204490868/p
Kit Sinus Rinse Kids 0.9% Solución Con Frasco Para Irrigación,$ 83.450,"Sobre a $2.781,67",,https://www.drogueriascolsubsidio.com/kit-sinus-rinse-kids-09-solucion-con-frasco-para-irrigacion-705928014008/p
Zerodol 100 mg Tableta Recubierta,$ 39.650,"Tableta a $3.965,00",,https://www.drogueriascolsubsidio.com/zerodol-100-mg-tableta-recubierta-8901079004406/p
Lasix 40 mg Comprimido,$ 55.750,"Tableta a $2.787,50",,https://www.drogueriascolsubsidio.com/lasix-40-mg-comprimido-7891058009038/p
Imipramina Clorhidrato 10 Mg Tableta Recubierta Humax,$ 48.700,"Tableta a $2.435,00",,https://www.drogueriascolsubsidio.com/imipramina-clorhidrato-10-mg-tableta-recubierta-humax-7707288823804/p
Beclazone 30 Mg Cápsula De Liberación Prolonga,$ 15.600,"Comprimido a $1.560,00",,https://www.drogueriascolsubsidio.com/beclazone-30-mg-capsula-de-liberacion-prolonga-7703546013017/p
Atorvastatina 20 mg Tabletas Recubiertas Genfar,$ 90.200,$ 45.100,"Tableta a $3.006,67",https://www.drogueriascolsubsidio.com/atorvastatina-20mg-tabletas-recubiertas-genfar-7705959885724/p
Levotiroxina 50 Mcg Tableta Procaps,$ 15.500,"Tableta a $516,67",,https://www.drogueriascolsubsidio.com/levotiroxina-50-mcg-tableta-procaps-7703153021672/p
Esparadrapo Impermeable 25mm x 3m Nexcare,$ 7.400,$ 5.920,"Unidad a $7.400,00",https://www.drogueriascolsubsidio.com/esparadrapo-impermeable-25mm-x-3m-nexcare-7891040089963/p
Leukoplast Curas Resistente Al Agua Piel,$ 10.500,$ 8.400,"Unidad a $525,00",https://www.drogueriascolsubsidio.com/7707331802398leukoplast-curas-resistente-al-agua-pielmedicamentosventa-libre-7707331802398/p
Triple Omega 3-6-9 Softgel,$ 53.200,$ 45.220,"Capsula a $886,67",https://www.drogueriascolsubsidio.com/triple-omega-3-6-9-softgel-751273770397/p
Travad Pik Polvo Para Solución Oral,$ 101.600,"Gramo a $6.310,56",,https://www.drogueriascolsubsidio.com/travad-pik-polvo-para-solucion-oral-7702057014148/p
CAJA - Androgel 1% Gel Tópico,$ 512.200,"Unidad a $17.073,33",,https://www.drogueriascolsubsidio.com/caja---androgel-1-gel-topico-cj-3700039500386-1/p
Derma Q Crema Tópica,$ 73.350,"Gramo a $1.833,75",,https://www.drogueriascolsubsidio.com/derma-q-crema-topica-7702195573385/p
Casacine 0.075 % Crema,$ 101.950,"Gramo a $5.097,50",,https://www.drogueriascolsubsidio.com/casacine-0075--crema-7707331331041/p
Aspirina Ultra 500 Mg Tableta Recubierta,$ 20.600,"Tableta a $1.030,00",,https://www.drogueriascolsubsidio.com/aspirina-ultra-500-mg-tableta-recubierta-7702123009528/p
Eutirox 88 Mcg Tableta,$ 69.300,"Tableta a $1.386,00",,https://www.drogueriascolsubsidio.com/eutirox-88-mcg-tableta-7501298224237/p
Dexlanzopral 60 Mg Cápsula De Liberación Prolongada,$ 281.100,$ 252.990,"Capsula a $9.370,00",https://www.drogueriascolsubsidio.com/dexlanzopral-60-mg-capsula-de-liberacion-prolongada-7730969301049/p
Bexon Duo Cápsula Blanda Vaginal,$ 138.200,"Unidad a $13.820,00",,https://www.drogueriascolsubsidio.com/bexon-duo-capsula-blanda-vaginal-7707204490998/p
Solución Salina 0.9 %,$ 3.900,"Mililitro a $39,00",,https://www.drogueriascolsubsidio.com/solucion-salina-09--7707141349281/p
Zolof 100mg Tableta Recubierta,$ 283.200,"Tableta a $9.440,00",,https://www.drogueriascolsubsidio.com/zolof-100mg-tableta-recubierta-7703283406615/p
Tramal Long 50 mg Tableta de Liberación Prolongada,$ 105.650,"Tableta a $10.565,00",,https://www.drogueriascolsubsidio.com/tramal-long-50-mg-tableta-de-liberacion-prolongada-7861073963462/p
Coveratrix 5 mg + 1.25 mg + 10 mg Tableta Recubierta Con Pelicula,$ 246.800,$ 148.080,"Tableta a $8.226,67",https://www.drogueriascolsubsidio.com/coveratrix-5-mg--125-mg--10-mg-tableta-recubierta-con-pelicula-5391189320566/p
Tiroxin 150 Mcg Tableta,$ 19.080,"Tableta a $1.908,00",,https://www.drogueriascolsubsidio.com/tiroxin-150-mcg-tableta-7707355057958/p
Imipramina Clorhidrato 25 mg Tableta Recubierta Humax,$ 87.200,"Tableta a $1.744,00",,https://www.drogueriascolsubsidio.com/imipramina-clorhidrato-25-mg-tableta-recubierta-humax-7707288820315/p
Abrilar Ea575 Jarabe Mentol,$ 47.050,$ 37.640,"Mililitro a $470,50",https://www.drogueriascolsubsidio.com/abrilar-ea575-jarabe-mentol-4104480718212/p
Forz Sport Gel Frio,$ 35.350,$ 21.210,"Gramo a $589,17",https://www.drogueriascolsubsidio.com/forz-sport-gel-frio-7707210530992/p
Rosuvina Legrand 20Mg Tableta Recubierta,$ 71.800,"Tableta a $2.393,33",,https://www.drogueriascolsubsidio.com/rosuvina-legrand-20mg-tableta-recubierta-7704039336316/p
Bellaface Suave Tableta Recubierta,$ 26.950,"Tableta a $962,50",,https://www.drogueriascolsubsidio.com/bellaface-suave-tableta-recubierta-7702870071465/p
Albendazol 200 Mg Tableta Recubierta Tecnoquímicas,$ 4.100,"Tableta a $2.050,00",,https://www.drogueriascolsubsidio.com/albendazol-200-mg-tableta-recubierta-tecnoquimicas-7702057070212/p
Histotal 25.000 Ui Solución Oral,$ 72.100,"Mililitro a $18.025,00",,https://www.drogueriascolsubsidio.com/histotal-25000-ui-solucion-oral-7704232001899/p
Dolex Niños 2+ 100mg Tableta Masticable,$ 22.350,"Tableta a $1.117,50",,https://www.drogueriascolsubsidio.com/dolex-ninos-2-alivio-efectivo-de-fiebre-y-dolor-x-20-tabs-7451079000874/p
Cardik 3 160 Mg/5 Mg/ 12.5 Mg Tableta Recubierta,$ 60.200,"Tableta a $2.006,67",,https://www.drogueriascolsubsidio.com/cardik-3-160-mg5-mg-125-mg-tableta-recubierta-7704039495365/p
Lurazic 20MG Tableta Recubierta,$ 187.700,"Tableta a $6.256,67",,https://www.drogueriascolsubsidio.com/lurazic-20mg-tableta-recubierta-7730766000749/p
Iltuxam 20mg/5mg Tableta Recubierta,$ 214.000,$ 149.800,"Comprimido a $7.642,86",https://www.drogueriascolsubsidio.com/iltuxam-20mg5mg-tableta-recubierta-7841141003443/p
Amitriptilina Clorhidrato 25 mg Tableta La Santé,$ 18.000,"Tableta a $600,00",,https://www.drogueriascolsubsidio.com/amitriptilina-clorhidrato-25-mg-tableta-la-sante-7703763170180/p
Alcohol Antiseptico Mk,$ 9.950,$ 8.955,"Mililitro a $14,21",https://www.drogueriascolsubsidio.com/alcohol-antiseptico-mk-7702057075101/p
Clotrimazol 1 % Crema Vaginal La Sante,$ 25.250,"Gramo a $631,25",,https://www.drogueriascolsubsidio.com/clotrimazol-1--crema-vaginal-la-sante-7703763050710/p
Haloperidol 2mg/Ml Solución Oral Humax,$ 11.350,"Mililitro a $567,50",,https://www.drogueriascolsubsidio.com/haloperidol-2mgml-solucion-oral-humax-7707288820568/p
Mieltertos Jarabe,$ 32.850,$ 27.922,"Mililitro a $136,88",https://www.drogueriascolsubsidio.com/mieltertos-jarabe-7707232095608/p
Collagen Gold Polvo Para Solución Oral,$ 119.000,$ 89.250,"Sobre a $3.966,67",https://www.drogueriascolsubsidio.com/collagen-gold-polvo-para-solucion-oral-7704189103684/p
Piroxicam 0.5% Gel Tópico Genfar,$ 17.100,"Gramo a $427,50",,https://www.drogueriascolsubsidio.com/piroxicam-05-gel-topico-genfar-7702605102358/p
Dismigras Rosuvastatina 20 Mg Tableta Recubierta,$ 108.250,"Tableta a $3.608,33",,https://www.drogueriascolsubsidio.com/dismigras-rosuvastatina-20-mg-tableta-recubierta-8904159618401/p
Brintellix 10 Mg Comprimido Recubierto,$ 110.550,"Tableta a $3.948,21",,https://www.drogueriascolsubsidio.com/brintellix-10-mg-comprimido-recubierto-7798092890335/p
Noxpirin Plus Cápsula Dura,$ 15.700,"Capsula a $1.308,33",,https://www.drogueriascolsubsidio.com/noxpirin-plus-capsula-dura-7707355053318/p
Carduran Xl 4mg Tableta De Liberación Prolongada,$ 218.900,"Tableta a $7.296,67",,https://www.drogueriascolsubsidio.com/carduran-xl-4mg-tableta-de-liberacion-prolongada-7703283401801/p
Cronofen Gotas Niños,$ 16.700,"Mililitro a $556,67",,https://www.drogueriascolsubsidio.com/cronofen-gotas-ninos-7703546701839/p
Aldactone 100 Mg Tableta,$ 182.700,"Tableta a $6.090,00",,https://www.drogueriascolsubsidio.com/aldactone-100-mg-tableta-7703283403935/p
Irbigen 300 mg Tabletas Recubiertas,$ 19.600,$ 17.640,"Tableta a $653,33",https://www.drogueriascolsubsidio.com/irbigen-300mg-tabletas-recubiertas-8903726237694/p
Dexlanzopral 30 mg Cápsula de Liberación Prolongada,$ 245.050,$ 220.545,"Tableta a $8.168,33",https://www.drogueriascolsubsidio.com/dexlanzopral-30-mg-capsula-de-liberacion-prolongada-7730969301032/p
Aldomet 250 Mg Tableta Recubierta,$ 59.100,"Tableta a $1.970,00",,https://www.drogueriascolsubsidio.com/aldomet-250-mg-tableta-recubierta-6001390124479/p
Cronofen L 150 Mg/5 Ml Jarabe,$ 19.500,"Mililitro a $195,00",,https://www.drogueriascolsubsidio.com/cronofen-l-150-mg5-ml-jarabe-7703546033107/p
Difenz 4/0.1/0.05% Crema,$ 159.000,"Gramo a $5.300,00",,https://www.drogueriascolsubsidio.com/difenz-401005-crema-7707208614949/p
Betahistina 8 mg Tableta Recubierta,$ 44.100,"Tableta a $2.100,00",,https://www.drogueriascolsubsidio.com/betahistina-8-mg-tableta-recubierta-7703153040482/p
Ozempic 1.34 Mg/Ml(1mg/Do),$ 673.050,"Mililitro a $224.350,00",,https://www.drogueriascolsubsidio.com/ozempic-134-mgml1mgdo-7709438991081/p
Floratil 250 Mg Polvo Para Suspensión Oral,$ 88.000,"Unidad a $8.800,00",,https://www.drogueriascolsubsidio.com/floratil-250-mg-polvo-para-suspension-oral-7594002621989/p
Levotiroxina 50mcg Tableta tecnoquimica,$ 18.800,"Tableta a $626,67",,https://www.drogueriascolsubsidio.com/levotiroxina-50mcg-tableta-tecnoquimica-7702057715915/p
Trayenta 5 Mg Comprimido Recubierto,$ 137.700,"Comprimido a $4.590,00",,https://www.drogueriascolsubsidio.com/trayenta-5-mg-comprimido-recubierto-4048846005151/p
Oblaise 2.5mg/1.5mg Tableta Recubierta,$ 28.000,$ 22.400,"Tableta a $1.000,00",https://www.drogueriascolsubsidio.com/oblaise-25mg15mg-tableta-recubierta-7703689813161/p
Epiduo Gel Tópico,$ 165.200,"Gramo a $5.506,67",,https://www.drogueriascolsubsidio.com/epiduo-gel-topico-3499320003087/p
Wellflex Tableta Con Cubierta Enterica,$ 85.300,$ 72.505,"Tableta a $1.421,67",https://www.drogueriascolsubsidio.com/wellflex-tableta-con-cubierta-enterica-751273776474/p
CAJA - Fluoxetina 20 mg Cápsula Durala Francol,$ 16.500,"Capsula a $550,00",,https://www.drogueriascolsubsidio.com/caja---fluoxetina-20-mg-capsula-durala-francol-cj-7706569000545-1/p
Green Gel Mentolado,$ 19.300,$ 14.475,"Gramo a $128,67",https://www.drogueriascolsubsidio.com/green-gel-mentolado-7702789010135/p
Dicasen 25 Mg/25 Mg Comprimido,$ 125.000,"Tableta a $4.166,67",,https://www.drogueriascolsubsidio.com/dicasen-25-mg25-mg-comprimido-7841141003955/p
Bruliva 10 Mg Tableta Recubierta,$ 84.150,$ 58.905,"Tableta a $3.005,36",https://www.drogueriascolsubsidio.com/bruliva-10-mg-tableta-recubierta-5600860331037/p
Multiflora 1x10^9/G Polvo Para Suspensión,$ 136.200,$ 102.150,"Unidad a $9.728,57",https://www.drogueriascolsubsidio.com/multiflora-1x109g-polvo-para-suspension-5027314496812/p
Movidol M 220mg/50mg Tableta Recubierta,$ 14.700,"Tableta a $1.837,50",,https://www.drogueriascolsubsidio.com/movidol-m-220mg50mg-tableta-recubierta-7702870135860/p
Lumbal Tableta Recubierta La Francol,$ 16.650,"Tableta a $2.081,25",,https://www.drogueriascolsubsidio.com/lumbal-tableta-recubierta-la-francol-7702870609149/p
Metformina Clorhidrato 850 Mg Tableta Tecnoquímicas,$ 14.250,"Tableta a $1.425,00",,https://www.drogueriascolsubsidio.com/metformina-clorhidrato-850-mg-tableta-tecnoquimicas-7702057074272/p
Synthroid 125 mcg Tableta,$ 190.000,"Tableta a $2.111,11",,https://www.drogueriascolsubsidio.com/synthroid-125-mcg-tableta-7702870833247/p
Cafiaspirina Forte 650 / 65 mg Tabletas,$ 18.700,"Tableta a $1.558,33",,https://www.drogueriascolsubsidio.com/cafiaspirina-forte-650--65-mg-tabletas-7702123012221/p
Vaxiduo 100 Mg/400 Mg Óvulo,$ 156.550,"OVULO a $22.364,29",,https://www.drogueriascolsubsidio.com/vaxiduo-100-mg400-mg-ovulo-7703153024307/p
Rivaroxaban 15mg Tableta Recubierta Gef,$ 139.000,$ 111.200,"Tableta a $4.633,33",https://www.drogueriascolsubsidio.com/rivaroxaban-15mg-tableta-recubierta-gef-7705959885762/p
Árnica Crema,$ 30.200,$ 22.650,"Gramo a $503,33",https://www.drogueriascolsubsidio.com/arnica-crema-7707176460371/p
NUTRABIOTICS NEURESSENS SOLUCIÓN ORAL,$ 129.800,$ 116.820,"Mililitro a $4.326,67",https://www.drogueriascolsubsidio.com/nutrabiotics-neuressens-solucion-oral-7709099257281/p
Ericox 30 mg Tableta Recubierta,$ 77.450,"Tableta a $7.745,00",,https://www.drogueriascolsubsidio.com/ericox-30-mg-tableta-recubierta-7702870071939/p
Stalevo Comprimido Recubierto 50Mg / 12.5Mg / 200Mg,$ 39.750,$ 29.812,"Tableta a $1.325,00",https://www.drogueriascolsubsidio.com/stalevo-comprimido-recubierto-7702635707677/p
Biotina 900Mcg +Vitamina E Capsulas Blandas Natural Freshly Infabo Sas,$ 17.650,$ 15.002,"Capsula a $588,33",https://www.drogueriascolsubsidio.com/biotina-900mcg-vitamina-e-capsulas-blandas-natural-freshly-infabo-sas-7707772811072/p
Alcachofa + Boldo Cápsula Dura Botanitas,$ 27.050,$ 20.287,"Capsula a $270,50",https://www.drogueriascolsubsidio.com/alcachofa--boldo-capsula-dura-botanitas-7703286116900/p
Óticaina Forte Solución Ótica,$ 28.400,"Mililitro a $3.550,00",,https://www.drogueriascolsubsidio.com/oticaina-forte-solucion-otica-7702195204692/p
Sanafen 500 Mg Tableta,$ 6.600,"Tableta a $330,00",,https://www.drogueriascolsubsidio.com/sanafen-500-mg-tableta-7703038020059/p
Pax Caliente Noche Granulado,$ 2.667,"Unidad a $2.666,67",,https://www.drogueriascolsubsidio.com/pax-caliente-noche-granulado-7706127006378/p
Cytil V 200 Mcg Tableta Vaginal,$ 73.100,"Tableta a $36.550,00",,https://www.drogueriascolsubsidio.com/cytil-v-200-mcg-tableta-vaginal-7702057010850/p
CAJA - Glucosamina 1500 Mg + Condroitina 1200 Mg Granulo Para Solución Oral La Sante,$ 74.400,"Unidad a $4.960,00",,https://www.drogueriascolsubsidio.com/caja---glucosamina-1500-mg--condroitina-1200-mg-granulo-para-solucion-oral-la-sante-cj-7703763870967-1/p
Acetaminofen 325 mg + Codeina Fosfato 30 mg Tableta La Francol,$ 17.250,"Tableta a $1.725,00",,https://www.drogueriascolsubsidio.com/acetaminofen-325-mg--codeina-fosfato-30-mg-tableta-la-francol-7706569022905/p
Trimebutina 200 mg + Simeticona 120 mg Tableta Recubierta Procaps,$ 98.250,"Tableta a $3.275,00",,https://www.drogueriascolsubsidio.com/trimebutina-200-mg--simeticona-120-mg-tableta-recubierta-procaps-7703153031251/p
Durex Condón Clasico,$ 11.400,"Unidad a $3.800,00",,https://www.drogueriascolsubsidio.com/durex-condon-clasico-7501159731133/p
Aspirina Ultra 500 mg Tableta Recubierta,$ 3.506,"Tableta a $876,50",,https://www.drogueriascolsubsidio.com/aspirina-ultra-500-mg-tableta-recubierta-7702123009535/p
Lurazic 40MG Tableta Recubierta,$ 252.400,"Tableta a $8.413,33",,https://www.drogueriascolsubsidio.com/lurazic-40mg-tableta-recubierta-7730766000756/p
Synthroid 112 Mcg Tableta,$ 156.950,"Tableta a $1.743,89",,https://www.drogueriascolsubsidio.com/synthroid-112-mcg-tableta-7702870610244/p
Minart Plus 16 Mg Tableta Recubierta,$ 169.650,"Tableta a $5.655,00",,https://www.drogueriascolsubsidio.com/7702418005136merckformuladosmedicamentosminart-plus-16-mg-tableta-recubiertacandesartan-cilexetilo-hidroclorotiazida-7702418005136/p
Gasa Esteril 15cm x 15cm Nexcare,$ 16.450,$ 13.160,"Unidad a $685,42",https://www.drogueriascolsubsidio.com/gasa-esteril-15cm-x-15cm-nexcare-7702098009165/p
Esmya 5 Mg Comprimido,$ 541.550,"Tableta a $19.341,07",,https://www.drogueriascolsubsidio.com/esmya-5-mg-comprimido-5997001306130/p
Urovital Cranberry Cápsula,$ 52.450,$ 44.582,"Capsula a $874,17",https://www.drogueriascolsubsidio.com/urovital-cranberry-capsula-7707232091600/p
Mirtapax 30 mg Comprimido Recubierto,$ 80.800,"Comprimido a $2.693,33",,https://www.drogueriascolsubsidio.com/mirtapax-30-mg-comprimido-recubierto-7707204490028/p
B-Vit Ht 100 Mg /10 Mg Jeringa Prellenada,$ 118.450,"Unidad a $39.483,33",,https://www.drogueriascolsubsidio.com/b-vit-ht-100-mg-10-mg-jeringa-prellenada-7703153011222/p
Naramig 2.5 Mg Tableta Recubierta,$ 63.600,"Tableta a $9.085,71",,https://www.drogueriascolsubsidio.com/naramig-25-mg-tableta-recubierta-7707172689462/p
